gsis_id,full_name,position,age,games_observed,injuries,games_missed,raw_rate,prior_rate,shrunk_rate,expected_missed_per_17,most_common_injury
00-0036556,Brevin Jordan,TE,26.1,36,1,32,0.889,0.182,0.662,11.3,
00-0039811,MarShawn Lloyd,RB,25.7,36,1,32,0.889,0.163,0.656,11.2,Ankle
00-0039344,Jonathon Brooks,RB,23.1,36,2,30,0.833,0.181,0.624,10.6,Knee
00-0035045,D.J. Montgomery,WR,29.8,19,1,19,1.0,0.171,0.608,10.3,
00-0040215,Gavin Bartholomew,TE,23.3,19,1,17,0.895,0.211,0.572,9.7,Back
00-0040081,Jake Briningstool,TE,23.7,19,1,17,0.895,0.211,0.572,9.7,Hamstring
00-0040568,Lan Larison,RB,24.9,18,1,17,0.944,0.163,0.565,9.6,
00-0033537,Deshaun Watson,QB,31.0,36,1,27,0.75,0.086,0.537,9.1,Achilles
00-0039814,Erick All,TE,26.0,36,1,25,0.694,0.188,0.532,9.0,Knee
00-0040589,Kurtis Rourke,QB,25.9,19,1,17,0.895,0.088,0.514,8.7,Knee
00-0037156,Irvin Charles,WR,29.4,36,1,23,0.639,0.171,0.489,8.3,
00-0039067,Rashee Rice,WR,26.4,36,2,22,0.611,0.16,0.466,7.9,Ankle
00-0038977,Tank Dell,WR,26.8,36,2,22,0.611,0.16,0.466,7.9,Knee
00-0039923,J.J. McCarthy,QB,23.6,36,4,22,0.611,0.101,0.447,7.6,Ankle
00-0038551,Kendre Miller,RB,24.2,36,4,20,0.556,0.163,0.43,7.3,Hamstring
00-0039236,Johnny Wilson,WR,25.4,36,1,19,0.528,0.194,0.421,7.2,
00-0033110,Tyler Higbee,TE,33.7,36,2,20,0.556,0.124,0.417,7.1,Not injury related - resting player
00-0037742,Treylon Burks,WR,26.4,33,2,18,0.545,0.16,0.414,7.0,Knee
00-0039365,Jacob Cowing,WR,25.6,36,2,18,0.5,0.194,0.402,6.8,Concussion
00-0035645,Gunner Olszewski,WR,29.8,36,2,18,0.5,0.171,0.394,6.7,Groin
00-0033921,Chris Godwin Jr.,WR,30.5,36,2,18,0.5,0.156,0.39,6.6,Fibula
00-0036646,Simi Fehoko,WR,28.8,35,2,17,0.486,0.171,0.383,6.5,
00-0037327,Skylar Thompson,QB,29.2,34,1,18,0.529,0.087,0.382,6.5,Hamstring
00-0033553,James Conner,RB,31.3,36,2,17,0.472,0.169,0.375,6.4,Foot
00-0031595,Michael Burton,RB,34.6,36,1,17,0.472,0.169,0.375,6.4,
00-0039921,Trey Benson,RB,24.1,36,2,17,0.472,0.163,0.373,6.3,Ankle
00-0040432,Beaux Collins,WR,23.7,19,1,10,0.526,0.172,0.359,6.1,Neck
00-0040718,Travis Hunter,WR,23.3,19,1,10,0.526,0.172,0.359,6.1,Knee
00-0037132,Britain Covey,WR,29.5,25,2,12,0.48,0.171,0.355,6.0,Neck
00-0037276,Ty Chandler,RB,28.3,36,2,16,0.444,0.144,0.348,5.9,Knee
00-0028986,Case Keenum,QB,38.5,36,1,17,0.472,0.086,0.348,5.9,
00-0039916,Ricky Pearsall,WR,26.0,36,4,15,0.417,0.194,0.345,5.9,Knee
00-0037317,Nick Muse,TE,27.8,15,1,8,0.533,0.182,0.347,5.9,
00-0039737,Tip Reiman,TE,25.0,36,2,15,0.417,0.188,0.343,5.8,Foot
00-0039337,Malik Nabers,WR,23.1,36,2,15,0.417,0.172,0.338,5.8,Concussion
00-0034775,Christian Kirk,WR,29.8,36,3,15,0.417,0.171,0.338,5.7,Collarbone
00-0037197,Isiah Pacheco,RB,27.5,36,4,15,0.417,0.159,0.334,5.7,Rib
00-0039263,McCallan Castles,TE,26.7,4,1,4,1.0,0.182,0.338,5.7,
00-0040715,Cam Skattebo,RB,24.6,19,1,9,0.474,0.163,0.327,5.6,
00-0039855,Jalen McMillan,WR,24.7,36,2,14,0.389,0.194,0.326,5.5,Neck
00-0037311,Ko Kieft,TE,28.6,36,1,14,0.389,0.14,0.309,5.3,
00-0036893,Najee Harris,RB,28.5,36,1,14,0.389,0.144,0.31,5.3,
00-0040648,Tory Horton,WR,23.8,19,1,8,0.421,0.172,0.304,5.2,Shin
00-0040666,Omarion Hampton,RB,23.5,19,2,8,0.421,0.181,0.308,5.2,Ankle
00-0039794,Braelon Allen,RB,22.6,36,1,13,0.361,0.181,0.303,5.2,Knee
00-0037085,Tyler Badie,RB,27.6,35,1,13,0.371,0.159,0.302,5.1,Back
00-0034419,Braxton Berrios,WR,30.9,35,1,13,0.371,0.156,0.301,5.1,Hamstring
00-0038579,Aidan O'Connell,QB,28.0,36,2,14,0.389,0.087,0.292,5.0,Wrist
00-0041366,Jameson Geers,TE,23.7,2,1,2,1.0,0.211,0.294,5.0,
00-0040203,Will Howard,QB,24.9,19,1,9,0.474,0.088,0.291,5.0,Hand
00-0041483,Eli Stowers,TE,23.4,2,1,2,1.0,0.211,0.294,5.0,Hamstring
00-0040901,Jaren Kanak,TE,22.6,2,1,2,1.0,0.211,0.294,5.0,
00-0040429,Josh Williams,RB,26.2,16,2,7,0.438,0.159,0.294,5.0,Concussion
00-0031610,Darren Waller,TE,34.0,19,3,8,0.421,0.124,0.281,4.8,Hip
00-0040240,Caleb Lohner,TE,24.9,2,1,2,1.0,0.188,0.274,4.7,
00-0041451,Brock Rechsteiner,WR,24.0,2,1,2,1.0,0.194,0.279,4.7,
00-0040955,John Michael Gyllenborg,TE,24.1,2,1,2,1.0,0.188,0.274,4.7,
00-0040570,Jeremiah Webb,WR,25.3,2,1,2,1.0,0.194,0.279,4.7,
00-0041087,Joe Royer,TE,24.5,2,1,2,1.0,0.188,0.274,4.7,
00-0040938,DJ Rogers,TE,24.8,2,1,2,1.0,0.188,0.274,4.7,
00-0041170,Hayden Large,TE,24.4,2,1,2,1.0,0.188,0.274,4.7,
00-0040853,Carson Towt,TE,25.3,2,1,2,1.0,0.188,0.274,4.7,
00-0031408,Mike Evans,WR,33.0,36,3,12,0.333,0.156,0.277,4.7,Hamstring
00-0039603,British Brooks,RB,26.8,36,1,12,0.333,0.159,0.277,4.7,
00-0041005,Corey Rucker,WR,24.2,2,1,2,1.0,0.194,0.279,4.7,
00-0036842,Kene Nwangwu,RB,28.6,25,3,9,0.36,0.144,0.272,4.6,Back
00-0038090,Skyy Moore,WR,26.0,36,1,11,0.306,0.194,0.27,4.6,
00-0039144,Luke Musgrave,TE,26.0,36,2,11,0.306,0.188,0.268,4.6,Ankle
00-0039739,Roman Wilson,WR,25.2,36,2,11,0.306,0.194,0.27,4.6,Hamstring
00-0039936,Thomas Yassmin,TE,26.9,2,1,2,1.0,0.182,0.268,4.6,
00-0039686,Colson Yankoff,TE,26.5,36,3,11,0.306,0.182,0.266,4.5,Hamstring
00-0034365,Ian Thomas,TE,30.2,36,2,12,0.333,0.124,0.266,4.5,Calf
00-0040888,Adam Randall,RB,22.1,2,1,2,1.0,0.181,0.267,4.5,
00-0041323,Myles Montgomery,RB,23.4,2,1,2,1.0,0.181,0.267,4.5,
00-0040120,Jimmy Holiday,WR,24.7,3,1,2,0.667,0.194,0.265,4.5,
00-0040225,Thomas Fidone II,TE,23.9,19,1,6,0.316,0.211,0.266,4.5,Foot
00-0041047,Chris Brazzell II,WR,22.9,2,1,2,1.0,0.172,0.26,4.4,
00-0036158,J.K. Dobbins,RB,27.7,36,2,11,0.306,0.159,0.259,4.4,Knee
00-0037545,Rashid Shaheed,WR,28.0,37,1,11,0.297,0.171,0.257,4.4,Knee
00-0041029,Jordyn Tyson,WR,22.1,2,1,2,1.0,0.172,0.26,4.4,
00-0039021,Roschon Johnson,RB,25.6,36,2,11,0.306,0.163,0.26,4.4,Concussion
00-0040953,Jeff Caldwell,WR,23.5,2,1,2,1.0,0.172,0.26,4.4,
00-0041446,Kendrick Law,WR,22.2,2,1,2,1.0,0.172,0.26,4.4,
00-0039589,Kameron Johnson,WR,24.5,36,1,10,0.278,0.194,0.251,4.3,Ankle
00-0039164,Anthony Richardson,QB,24.3,36,2,12,0.333,0.088,0.255,4.3,Back
00-0040649,Robbie Ouzts,RB,24.0,19,2,6,0.316,0.181,0.252,4.3,Ankle
00-0037078,Cole Turner,TE,26.5,3,1,2,0.667,0.182,0.255,4.3,
00-0040504,Bryson Nesbit,TE,23.9,1,1,1,1.0,0.211,0.255,4.3,
00-0041239,Chip Trayanum,RB,24.7,2,1,2,1.0,0.163,0.251,4.3,
00-0039824,Jared Wiley,TE,25.8,36,1,10,0.278,0.188,0.249,4.2,Knee
00-0039626,Cole Burgess,WR,26.6,2,1,2,1.0,0.16,0.249,4.2,
00-0039359,Cade Stover,TE,26.2,36,2,10,0.278,0.182,0.247,4.2,Illness
00-0041041,Oscar Delp,TE,23.1,2,1,1,0.5,0.211,0.241,4.1,Hamstring
00-0034837,Calvin Ridley,WR,31.7,36,2,10,0.278,0.156,0.239,4.1,Hamstring
00-0037239,Chris Olave,WR,26.2,36,3,10,0.278,0.16,0.24,4.1,Concussion
00-0040498,Dontae Fleming,WR,24.8,1,1,1,1.0,0.194,0.239,4.1,
00-0039146,Jayden Reed,WR,26.3,36,1,10,0.278,0.16,0.24,4.1,Foot
00-0039710,Jeshaun Jones,WR,26.7,3,1,2,0.667,0.16,0.236,4.0,
00-0040009,Savion Williams,WR,24.8,19,2,5,0.263,0.194,0.23,3.9,Foot
00-0033885,David Njoku,TE,30.1,36,4,10,0.278,0.124,0.228,3.9,Knee
00-0039066,Michael Mayer,TE,25.2,36,3,9,0.25,0.188,0.23,3.9,Ankle
00-0039065,Sam LaPorta,TE,25.6,36,2,9,0.25,0.188,0.23,3.9,Shoulder
00-0038996,Tucker Kraft,TE,25.8,36,1,9,0.25,0.188,0.23,3.9,
00-0037740,Garrett Wilson,WR,26.1,36,2,9,0.25,0.16,0.221,3.8,Knee
00-0040244,Moliki Matavao,TE,23.5,8,1,2,0.25,0.211,0.223,3.8,
00-0041577,Connor Hulstein,TE,,1,1,1,1.0,0.175,0.221,3.8,
00-0034975,Justice Hill,RB,28.8,36,3,9,0.25,0.144,0.216,3.7,Neck
00-0040352,Coleman Owen,WR,25.4,3,1,1,0.333,0.194,0.215,3.7,
00-0041374,Sincere Brown,WR,,1,1,1,1.0,0.171,0.218,3.7,
00-0035228,Kyler Murray,QB,29.1,36,2,10,0.278,0.087,0.217,3.7,Foot
00-0031588,Stefon Diggs,WR,32.8,36,1,9,0.25,0.156,0.22,3.7,Not injury related - resting player
00-0041004,Chase Roberts,WR,,1,1,1,1.0,0.171,0.218,3.7,
00-0039910,Jayden Daniels,QB,25.7,36,4,10,0.278,0.088,0.217,3.7,Elbow
00-0032950,Carson Wentz,QB,33.7,36,1,10,0.278,0.086,0.216,3.7,Shoulder
00-0040937,Dominic Richardson,RB,,1,1,1,1.0,0.166,0.213,3.6,
00-0040964,EJ Smith,RB,,1,1,1,1.0,0.166,0.213,3.6,
00-0039299,George Holani,RB,26.7,24,1,6,0.25,0.159,0.212,3.6,Hamstring
00-0038783,Nate Adkins,TE,27.1,36,3,8,0.222,0.182,0.209,3.6,Knee
00-0039355,Luke McCaffrey,WR,25.4,36,1,8,0.222,0.194,0.213,3.6,
00-0040736,Mason Taylor,TE,22.3,19,1,4,0.211,0.211,0.211,3.6,Neck
00-0040739,Elijah Arroyo,TE,23.4,19,1,4,0.211,0.211,0.211,3.6,Knee
00-0034351,Dallas Goedert,TE,31.7,36,4,9,0.25,0.124,0.209,3.6,Knee
00-0039373,Audric Estimé,RB,23.0,27,2,6,0.222,0.181,0.206,3.5,Thigh
00-0039491,Jalen Coker,WR,24.8,33,2,7,0.212,0.194,0.206,3.5,Quadricep
00-0033906,Alvin Kamara,RB,31.1,36,2,8,0.222,0.169,0.205,3.5,Groin
00-0039032,Tyjae Spears,RB,25.2,36,3,8,0.222,0.163,0.203,3.5,Concussion
00-0040870,Ja'Kobi Lane,WR,22.1,2,1,1,0.5,0.172,0.207,3.5,
00-0041511,Omar Cooper Jr.,WR,22.7,2,1,1,0.5,0.172,0.207,3.5,Ankle
00-0041035,De'Zhaun Stribling,WR,23.7,2,1,1,0.5,0.172,0.207,3.5,Ankle
00-0039796,Rasheen Ali,RB,25.5,36,1,8,0.222,0.163,0.203,3.5,Neck
00-0035021,Ashton Dulin,WR,29.3,36,4,8,0.222,0.171,0.206,3.5,Ankle
00-0038705,Emari Demercado,RB,27.6,36,3,8,0.222,0.159,0.202,3.4,Ankle
00-0033077,Dak Prescott,QB,33.1,36,1,9,0.25,0.086,0.198,3.4,Hamstring
00-0040172,Jordan Watkins,WR,24.5,19,1,4,0.211,0.194,0.203,3.4,Calf
00-0040024,Darius Cooper,WR,24.8,19,1,4,0.211,0.194,0.203,3.4,
00-0036442,Joe Burrow,QB,29.7,36,1,9,0.25,0.087,0.198,3.4,Toe
00-0039917,Michael Penix Jr.,QB,26.3,36,1,9,0.25,0.096,0.201,3.4,Knee
00-0037093,Dareke Young,WR,27.2,36,2,8,0.222,0.16,0.202,3.4,Quadricep
00-0040202,Devin Neal,RB,23.1,18,1,4,0.222,0.181,0.202,3.4,Hamstring
00-0037329,Brittain Brown,RB,28.9,5,1,2,0.4,0.144,0.202,3.4,
00-0041414,Matthew Caldwell,QB,23.3,2,1,2,1.0,0.101,0.195,3.3,
00-0039847,Theo Johnson,TE,25.5,36,2,7,0.194,0.188,0.192,3.3,Illness
00-0041472,Marlin Klein,TE,24.0,2,0,0,0.0,0.211,0.189,3.2,
00-0040887,Josh Cuevas,TE,23.9,2,0,0,0.0,0.211,0.189,3.2,
00-0041077,Justin Joly,TE,22.1,2,0,0,0.0,0.211,0.189,3.2,
00-0041395,Eli Raridon,TE,22.6,2,0,0,0.0,0.211,0.189,3.2,
00-0041558,Sam Roush,TE,23.0,2,0,0,0.0,0.211,0.189,3.2,
00-0036862,Ben Skowronek,WR,29.2,36,2,7,0.194,0.171,0.187,3.2,Hip
00-0041524,Will Kacmarek,TE,23.6,2,0,0,0.0,0.211,0.189,3.2,
00-0037563,Malik Davis,RB,27.8,13,1,3,0.231,0.159,0.19,3.2,Calf
00-0041094,Bauer Sharp,TE,23.3,2,0,0,0.0,0.211,0.189,3.2,
00-0041032,Kenyon Sadiq,TE,21.5,2,0,0,0.0,0.211,0.189,3.2,
00-0041314,Tanner Arkin,TE,23.2,2,0,0,0.0,0.211,0.189,3.2,
00-0041116,Jack Endries,TE,22.4,2,0,0,0.0,0.211,0.189,3.2,
00-0041084,Tanner Koziol,TE,22.6,2,0,0,0.0,0.211,0.189,3.2,
00-0041131,Carsen Ryan,TE,23.0,2,0,0,0.0,0.211,0.189,3.2,
00-0037031,Nikola Kalinic,TE,29.6,6,1,2,0.333,0.14,0.191,3.2,
00-0041510,Max Klare,TE,23.2,2,0,0,0.0,0.211,0.189,3.2,
00-0039062,Jonathan Mingo,WR,25.4,37,1,7,0.189,0.194,0.191,3.2,Knee
00-0039361,Bucky Irving,RB,24.0,36,1,7,0.194,0.163,0.184,3.1,Foot
00-0032464,Kalif Raymond,WR,32.1,36,2,7,0.194,0.156,0.182,3.1,Foot
00-0037525,Jordan Mason,RB,27.3,36,3,7,0.194,0.159,0.183,3.1,Ankle
00-0035659,Terry McLaurin,WR,31.0,36,2,7,0.194,0.156,0.182,3.1,Quadricep
00-0038735,Princeton Fant,TE,27.5,12,1,2,0.167,0.182,0.176,3.0,
00-0041067,Bryce Lance,WR,24.0,2,0,0,0.0,0.194,0.174,3.0,
00-0035289,Gardner Minshew,QB,30.3,36,2,8,0.222,0.086,0.179,3.0,Collarbone
00-0040621,Montorie Foster Jr,WR,25.1,2,0,0,0.0,0.194,0.174,3.0,
00-0041443,Skyler Bell,WR,24.2,2,0,0,0.0,0.194,0.174,3.0,
00-0041069,Colbie Young,WR,24.1,2,0,0,0.0,0.194,0.174,3.0,
00-0038573,Derius Davis,WR,26.0,36,2,6,0.167,0.194,0.175,3.0,Ankle
00-0041399,CJ Daniels,WR,24.7,2,0,0,0.0,0.194,0.174,3.0,
00-0041397,Kaden Wetjen,WR,24.5,2,0,0,0.0,0.194,0.174,3.0,
00-0039075,Puka Nacua,WR,25.3,36,2,6,0.167,0.194,0.175,3.0,Ankle
00-0036754,Brock Wright,TE,27.8,36,1,6,0.167,0.182,0.172,2.9,Neck
00-0041133,Dallen Bentley,TE,25.7,2,0,0,0.0,0.188,0.168,2.9,
00-0041503,Nate Boerkircher,TE,25.0,2,0,0,0.0,0.188,0.168,2.9,
00-0040879,Matthew Hibner,TE,24.5,2,0,0,0.0,0.188,0.168,2.9,
00-0040509,Ben Yurosek,TE,24.5,19,2,3,0.158,0.188,0.172,2.9,Knee
00-0040162,Dylan Sampson,RB,22.0,19,2,3,0.158,0.181,0.169,2.9,Calf
00-0033881,Evan Engram,TE,32.0,36,3,7,0.194,0.124,0.172,2.9,Hamstring
00-0040390,Jackson Meeks,TE,23.4,4,0,0,0.0,0.211,0.171,2.9,
00-0041579,Seydou Traore,TE,24.1,2,0,0,0.0,0.188,0.168,2.9,
00-0040598,Mark Redman,TE,24.6,2,0,0,0.0,0.188,0.168,2.9,
00-0041398,Riley Nowakowski,TE,24.2,2,0,0,0.0,0.188,0.168,2.9,
00-0038124,Christian Watson,WR,27.3,36,1,6,0.167,0.16,0.165,2.8,Knee
00-0037834,Brock Purdy,QB,26.7,36,4,7,0.194,0.096,0.163,2.8,Shoulder
00-0039244,Chris Collier,RB,26.4,12,1,2,0.167,0.159,0.162,2.8,
00-0036554,Nico Collins,WR,27.5,36,3,6,0.167,0.16,0.165,2.8,Concussion
00-0040581,Dont'e Thornton Jr.,WR,23.8,19,2,3,0.158,0.172,0.165,2.8,Concussion
00-0033376,Patrick Ricard,RB,32.3,36,1,6,0.167,0.169,0.167,2.8,Calf
00-0036849,Tutu Atwell,WR,26.9,36,1,6,0.167,0.16,0.165,2.8,Hamstring
00-0040488,Carter Runyon,TE,25.1,16,1,2,0.125,0.188,0.158,2.7,
00-0039849,Marvin Harrison Jr.,WR,24.1,36,3,5,0.139,0.194,0.157,2.7,Foot
00-0035589,Gary Jennings,WR,29.5,1,0,0,0.0,0.171,0.161,2.7,
00-0038488,Brady Russell,RB,28.0,36,2,6,0.167,0.144,0.159,2.7,Foot
00-0041027,Jeremiyah Love,RB,21.3,2,0,0,0.0,0.181,0.162,2.7,
00-0041104,Demond Claiborne,RB,22.9,2,0,0,0.0,0.181,0.162,2.7,
00-0041013,Emmett Johnson,RB,22.9,2,0,0,0.0,0.181,0.162,2.7,
00-0040878,Mike Washington Jr.,RB,23.2,2,0,0,0.0,0.181,0.162,2.7,
00-0041512,Jadarian Price,RB,22.9,2,0,0,0.0,0.181,0.162,2.7,
00-0041490,Eli Heidenreich,RB,23.1,2,0,0,0.0,0.181,0.162,2.7,
00-0041496,Jonah Coleman,RB,23.0,2,0,0,0.0,0.181,0.162,2.7,
00-0034981,Foster Moreau,TE,29.3,36,2,6,0.167,0.14,0.158,2.7,Ankle
00-0040886,Nicholas Singleton,RB,22.7,2,0,0,0.0,0.181,0.162,2.7,
00-0037157,Bam Knight,RB,25.4,19,1,3,0.158,0.163,0.16,2.7,
00-0038994,Jordan Addison,WR,24.6,36,2,5,0.139,0.194,0.157,2.7,Ankle
00-0041326,CJ Donaldson,RB,22.1,2,0,0,0.0,0.181,0.162,2.7,
00-0041096,Kaytron Allen,RB,23.6,2,0,0,0.0,0.181,0.162,2.7,
00-0041081,Max Bredeson,RB,23.9,2,0,0,0.0,0.181,0.162,2.7,
00-0041438,Carnell Tate,WR,21.6,2,0,0,0.0,0.172,0.154,2.6,
00-0040867,Makai Lemon,WR,22.2,2,0,0,0.0,0.172,0.154,2.6,
00-0040930,Camden Brown,WR,22.3,2,0,0,0.0,0.172,0.154,2.6,
00-0040948,J. Michael Sturdivant,WR,24.0,2,0,0,0.0,0.172,0.154,2.6,
00-0041070,Reggie Virgil,WR,22.3,2,0,0,0.0,0.172,0.154,2.6,
00-0041099,Barion Brown,WR,22.7,2,0,0,0.0,0.172,0.154,2.6,
00-0041132,Deion Burks,WR,23.6,2,0,0,0.0,0.172,0.154,2.6,
00-0041042,Malachi Fields,WR,23.0,2,0,0,0.0,0.172,0.154,2.6,
00-0041523,Caleb Douglas,WR,23.0,2,0,0,0.0,0.172,0.154,2.6,
00-0040894,Malik Benson,WR,23.9,2,0,0,0.0,0.172,0.154,2.6,
00-0040890,Cyrus Allen,WR,23.6,2,0,0,0.0,0.172,0.154,2.6,
00-0038720,Julian Hill,TE,26.1,36,3,5,0.139,0.182,0.153,2.6,Ankle
00-0038935,Brenton Strange,TE,25.7,36,1,5,0.139,0.188,0.155,2.6,Hip
00-0041550,Brenen Thompson,WR,23.1,2,0,0,0.0,0.172,0.154,2.6,
00-0033576,Eric Saubert,TE,32.3,36,1,6,0.167,0.124,0.153,2.6,Calf
00-0041547,KC Concepcion,WR,21.9,2,0,0,0.0,0.172,0.154,2.6,
00-0040876,Elijah Sarratt,WR,23.3,2,0,0,0.0,0.172,0.154,2.6,
00-0041529,Kevin Coleman Jr.,WR,23.0,2,0,0,0.0,0.172,0.154,2.6,
00-0041051,Zavion Thomas,WR,22.5,2,0,0,0.0,0.172,0.154,2.6,
00-0041040,Antonio Williams,WR,22.1,2,0,0,0.0,0.172,0.154,2.6,
00-0041037,Denzel Boston,WR,22.7,2,0,0,0.0,0.172,0.154,2.6,
00-0041048,Ted Hurst III,WR,22.2,2,0,0,0.0,0.172,0.154,2.6,
00-0041489,Germie Bernard,WR,22.7,2,0,0,0.0,0.172,0.154,2.6,
00-0041106,C.J. Williams,WR,23.9,2,0,0,0.0,0.172,0.154,2.6,
00-0041044,Zachariah Branch,WR,22.4,2,0,0,0.0,0.172,0.154,2.6,
00-0041100,Josh Cameron,WR,23.5,2,0,0,0.0,0.172,0.154,2.6,
00-0041525,Chris Bell,WR,22.2,2,0,0,0.0,0.172,0.154,2.6,
00-0033280,Christian McCaffrey,RB,30.2,36,1,5,0.139,0.169,0.149,2.5,Not injury related - resting player
00-0041052,Kaelon Black,RB,24.9,2,0,0,0.0,0.163,0.146,2.5,
00-0041436,DJ Herman,RB,24.5,2,0,0,0.0,0.163,0.146,2.5,
00-0040164,Jaylin Lane,WR,24.3,19,1,2,0.105,0.194,0.147,2.5,Ankle
00-0036358,CeeDee Lamb,WR,27.4,36,2,5,0.139,0.16,0.146,2.5,Shoulder
00-0035500,Greg Dortch,WR,28.3,36,1,5,0.139,0.171,0.149,2.5,Chest
00-0037837,Calvin Austin III,WR,27.4,36,3,5,0.139,0.16,0.146,2.5,Shoulder
00-0040784,Quinshon Judkins,RB,22.8,18,1,2,0.111,0.181,0.145,2.5,
00-0039364,Sione Vaki,RB,25.1,36,1,5,0.139,0.163,0.147,2.5,Hamstring
00-0039518,Treyton Welch,TE,25.6,5,0,0,0.0,0.188,0.146,2.5,
00-0041125,Seth McGowan,RB,24.9,2,0,0,0.0,0.163,0.146,2.5,
00-0040277,Jahdae Walker,WR,24.2,19,1,2,0.105,0.194,0.147,2.5,Concussion
00-0038752,Jake Bobo,WR,28.1,36,3,5,0.139,0.171,0.149,2.5,Concussion
00-0033293,Aaron Jones,RB,31.7,36,2,5,0.139,0.169,0.149,2.5,Hip
00-0038519,Nikko Remigio,WR,26.8,24,2,3,0.125,0.16,0.14,2.4,Shoulder
00-0040644,Trevor Etienne,RB,22.1,19,1,2,0.105,0.181,0.141,2.4,
00-0032268,Marcus Mariota,QB,32.8,36,2,6,0.167,0.086,0.141,2.4,Chest
00-0038728,Jared Wayne,WR,25.9,6,0,0,0.0,0.194,0.143,2.4,
00-0040785,Dohnte Meyers,WR,26.2,2,0,0,0.0,0.16,0.143,2.4,
00-0039356,Ja'Tavion Sanders,TE,23.4,36,3,4,0.111,0.211,0.143,2.4,Neck
00-0036945,Justin Fields,QB,27.5,36,3,6,0.167,0.096,0.144,2.4,Abdomen
00-0036971,Trevor Lawrence,QB,26.9,36,2,6,0.167,0.096,0.144,2.4,Left Shoulder
00-0039471,Frank Gore Jr.,RB,24.5,3,0,0,0.0,0.163,0.139,2.4,
00-0039338,Brock Bowers,TE,23.7,36,2,4,0.111,0.211,0.143,2.4,Knee
00-0040130,Jayden Higgins,WR,23.7,19,1,2,0.105,0.172,0.137,2.3,
00-0037086,Grant Calcaterra,TE,27.7,36,2,4,0.111,0.182,0.134,2.3,Oblique
00-0040363,Keleki Latu,TE,24.1,7,0,0,0.0,0.188,0.133,2.3,
00-0040646,Jalen Royals,WR,23.5,19,1,2,0.105,0.172,0.137,2.3,Knee
00-0040134,Pat Bryant,WR,23.7,19,2,2,0.105,0.172,0.137,2.3,Hamstring
00-0033288,George Kittle,TE,32.9,36,1,5,0.139,0.124,0.134,2.3,
00-0040735,Luther Burden III,WR,22.7,19,2,2,0.105,0.172,0.137,2.3,Concussion
00-0037238,Drake London,WR,25.1,36,1,4,0.111,0.194,0.138,2.3,Knee
00-0037838,Isaiah Likely,TE,26.4,36,2,4,0.111,0.182,0.134,2.3,Hamstring
00-0035993,Tyler Huntley,QB,28.6,30,1,5,0.167,0.087,0.138,2.3,Right Shoulder
00-0038933,Dalton Kincaid,TE,26.9,36,2,4,0.111,0.182,0.134,2.3,Hamstring
00-0038046,Charlie Kolar,TE,27.6,36,1,4,0.111,0.182,0.134,2.3,Forearm
00-0036331,Devin Duvernay,WR,29.0,36,1,4,0.111,0.171,0.13,2.2,
00-0040431,Dalen Cambre,WR,25.4,8,0,0,0.0,0.194,0.132,2.2,
00-0036259,Jauan Jennings,WR,29.1,36,3,4,0.111,0.171,0.13,2.2,Ankle
00-0040663,Harold Fannin Jr.,TE,22.1,19,1,1,0.053,0.211,0.127,2.2,Groin
00-0039424,Devaughn Vele,WR,28.7,36,2,4,0.111,0.171,0.13,2.2,Ribs
00-0038590,Justin Shorter,WR,26.4,20,1,2,0.1,0.16,0.128,2.2,
00-0037380,Kaden Davis,WR,27.9,4,0,0,0.0,0.16,0.13,2.2,
00-0040584,Gunnar Helm,TE,24.0,19,1,1,0.053,0.211,0.127,2.2,Toe
00-0040704,Dillon Gabriel,QB,25.7,19,2,3,0.158,0.088,0.125,2.1,Concussion
00-0036212,Tua Tagovailoa,QB,28.5,36,2,5,0.139,0.087,0.122,2.1,Oblique
00-0038679,Tyrell Shavers,WR,27.0,22,1,2,0.091,0.16,0.121,2.1,
00-0035359,David Sills,WR,31.3,20,1,2,0.1,0.156,0.126,2.1,
00-0038104,Tyquan Thornton,WR,26.1,29,1,3,0.103,0.16,0.124,2.1,Concussion
00-0036555,Chuba Hubbard,RB,27.2,36,2,4,0.111,0.159,0.126,2.1,Calf
00-0037524,Tay Martin,WR,28.7,6,0,0,0.0,0.171,0.126,2.1,
00-0034854,KhaDarel Hodge,WR,32.7,36,2,4,0.111,0.156,0.126,2.1,Groin
00-0035249,Josh Oliver,TE,29.4,36,2,4,0.111,0.14,0.121,2.0,Foot
00-0035710,Daniel Jones,QB,29.3,29,1,4,0.138,0.087,0.119,2.0,Fibula
00-0035644,Noah Fant,TE,28.8,36,3,4,0.111,0.14,0.121,2.0,Concussion
00-0040184,KeAndre Lambert-Smith,WR,24.9,19,1,1,0.053,0.194,0.119,2.0,
00-0034829,Mike Gesicki,TE,30.9,36,1,4,0.111,0.124,0.115,2.0,Pectoral
00-0038394,Will Mallory,TE,27.2,36,1,3,0.083,0.182,0.115,2.0,Lung
00-0038997,Josh Downs,WR,25.1,36,3,3,0.083,0.194,0.119,2.0,Shoulder
00-0039919,Rome Odunze,WR,24.2,36,1,3,0.083,0.194,0.119,2.0,Foot
00-0039623,Mason Tipton,WR,25.9,36,1,3,0.083,0.194,0.119,2.0,Groin
00-0038976,Marvin Mims Jr.,WR,24.5,36,2,3,0.083,0.194,0.119,2.0,Concussion
00-0036984,Trey Sermon,RB,27.6,23,1,2,0.087,0.159,0.118,2.0,
00-0035345,Chris Myarick,TE,30.9,1,0,0,0.0,0.124,0.117,2.0,
00-0040506,Myles Price,WR,24.7,19,1,1,0.053,0.194,0.119,2.0,Ankle
00-0035676,A.J. Brown,WR,29.2,36,3,3,0.083,0.171,0.111,1.9,Hamstring
00-0037324,Chris Oladokun,QB,29.0,5,1,1,0.2,0.087,0.113,1.9,
00-0040782,Isaiah Bond,WR,22.5,19,1,1,0.053,0.172,0.109,1.9,Foot
00-0035640,DK Metcalf,WR,28.7,36,2,3,0.083,0.171,0.111,1.9,Knee
00-0040556,Corey Kiner,RB,24.6,8,0,0,0.0,0.163,0.111,1.9,
00-0039746,Will Shipley,RB,24.0,36,2,3,0.083,0.163,0.109,1.9,Oblique
00-0037120,Tyler Goodson,RB,25.8,35,1,3,0.086,0.163,0.111,1.9,Groin
00-0039534,Carter Bradley,QB,26.5,6,1,1,0.167,0.096,0.114,1.9,
00-0034407,Ray-Ray McCloud,WR,29.9,26,2,2,0.077,0.171,0.114,1.9,Not injury related - other
00-0040734,TreVeyon Henderson,RB,23.9,19,1,1,0.053,0.181,0.113,1.9,Ankle
00-0040170,Elic Ayomanor,WR,23.2,19,1,1,0.053,0.172,0.109,1.9,Hamstring
00-0033908,Cooper Kupp,WR,33.2,36,1,3,0.083,0.156,0.107,1.8,Ankle
00-0036463,Chris Blair,WR,28.9,11,0,0,0.0,0.171,0.104,1.8,
00-0032775,Demarcus Robinson,WR,31.9,36,1,3,0.083,0.156,0.107,1.8,
00-0036988,Josh Palmer,WR,26.9,36,2,3,0.083,0.16,0.108,1.8,Knee
00-0040534,Ke'Shawn Williams,WR,24.7,14,0,0,0.0,0.194,0.106,1.8,
00-0031381,Davante Adams,WR,33.7,36,1,3,0.083,0.156,0.107,1.8,Hamstring
00-0038498,E.J. Jenkins,TE,27.8,12,0,0,0.0,0.182,0.107,1.8,
00-0037664,Alec Pierce,WR,26.3,36,2,3,0.083,0.16,0.108,1.8,Concussion
00-0036223,Jonathan Taylor,RB,27.6,36,1,3,0.083,0.159,0.108,1.8,Ankle
00-0040691,Jaxson Dart,QB,23.3,19,1,2,0.105,0.101,0.103,1.8,Concussion
00-0035719,Deebo Samuel Sr.,WR,30.6,36,3,3,0.083,0.156,0.107,1.8,Ribs
00-0039363,Isaac Guerendo,RB,26.2,36,2,3,0.083,0.159,0.108,1.8,Foot
00-0037816,Romeo Doubs,WR,26.4,36,2,3,0.083,0.16,0.108,1.8,Concussion
00-0040719,Bhayshul Tuten,RB,24.5,19,1,1,0.053,0.163,0.105,1.8,Finger
00-0033375,Tim Patrick,WR,32.8,35,2,3,0.086,0.156,0.109,1.8,Groin
00-0040208,Tahj Brooks,RB,24.3,19,1,1,0.053,0.163,0.105,1.8,Concussion
00-0037240,Jameson Williams,WR,25.4,36,1,2,0.056,0.194,0.1,1.7,
00-0039074,Davis Allen,TE,25.6,36,1,2,0.056,0.188,0.098,1.7,Back
00-0035685,David Montgomery,RB,29.2,36,1,3,0.083,0.144,0.103,1.7,Knee
00-0039342,Xavier Legette,WR,25.6,36,2,2,0.056,0.194,0.1,1.7,Hamstring
00-0037247,George Pickens,WR,25.5,36,1,2,0.056,0.194,0.1,1.7,Hamstring
00-0037004,Hunter Long,TE,28.0,36,1,3,0.083,0.14,0.102,1.7,Hip
00-0040737,Terrance Ferguson,TE,23.5,19,0,0,0.0,0.211,0.1,1.7,
00-0038608,Kayshon Boutte,WR,24.3,36,2,2,0.056,0.194,0.1,1.7,Concussion
00-0040187,Mitchell Evans,TE,23.3,19,0,0,0.0,0.211,0.1,1.7,
00-0039880,Malik Washington,WR,25.9,36,1,2,0.056,0.194,0.1,1.7,Quadricep
00-0034613,Tanner Hudson,TE,31.8,35,3,3,0.086,0.124,0.098,1.7,Knee
00-0036590,Quintin Morris,TE,27.6,35,1,2,0.057,0.182,0.098,1.7,Groin
00-0040189,Oronde Gadsden II,TE,23.2,19,0,0,0.0,0.211,0.1,1.7,
00-0038896,Jacob Saylors,RB,26.5,19,1,1,0.053,0.159,0.103,1.7,Back
00-0036875,Rhamondre Stevenson,RB,28.5,36,2,3,0.083,0.144,0.103,1.7,Toe
00-0040126,Colston Loveland,TE,22.4,19,0,0,0.0,0.211,0.1,1.7,
00-0038393,Dontayvion Wicks,WR,25.2,36,1,2,0.056,0.194,0.1,1.7,Calf
00-0039901,Keon Coleman,WR,23.3,36,1,2,0.056,0.172,0.093,1.6,Wrist
00-0040075,LaJohntay Wester,WR,24.4,19,0,0,0.0,0.194,0.092,1.6,
00-0035891,Cody White,WR,27.8,23,1,1,0.043,0.16,0.093,1.6,Abdomen
00-0040669,Isaac TeSlaa,WR,24.5,19,0,0,0.0,0.194,0.092,1.6,
00-0040705,Chimere Dike,WR,24.7,19,0,0,0.0,0.194,0.092,1.6,
00-0037005,Tommy Tremble,TE,26.2,36,2,2,0.056,0.182,0.096,1.6,Hamstring
00-0040582,Arian Smith,WR,24.9,19,0,0,0.0,0.194,0.092,1.6,
00-0040237,Tez Johnson,WR,24.3,19,0,0,0.0,0.194,0.092,1.6,
00-0040211,Graham Mertz,QB,25.7,19,1,2,0.105,0.088,0.097,1.6,
00-0039893,Brian Thomas Jr.,WR,23.9,36,1,2,0.056,0.172,0.093,1.6,Ankle
00-0040563,Efton Chism III,WR,24.8,19,0,0,0.0,0.194,0.092,1.6,
00-0040727,Tre Harris,WR,24.5,19,0,0,0.0,0.194,0.092,1.6,
00-0038041,Jake Ferguson,TE,27.6,36,1,2,0.056,0.182,0.096,1.6,Concussion
00-0033955,Jeremy McNichols,RB,30.7,36,1,2,0.056,0.169,0.092,1.6,
00-0040122,Ashton Jeanty,RB,22.7,19,0,0,0.0,0.181,0.085,1.5,
00-0037228,Jaylen Warren,RB,27.8,36,1,2,0.056,0.159,0.089,1.5,Knee
00-0040058,Nick Kallerup,TE,25.4,19,0,0,0.0,0.188,0.089,1.5,
00-0040179,DJ Giddens,RB,23.0,19,0,0,0.0,0.181,0.085,1.5,
00-0039451,Isaiah Williams,WR,25.6,32,1,1,0.031,0.194,0.088,1.5,Abdomen
00-0038614,Scott Matlock,RB,26.2,36,1,2,0.056,0.159,0.089,1.5,
00-0040238,LeQuint Allen Jr.,RB,22.1,19,0,0,0.0,0.181,0.085,1.5,
00-0040198,Ollie Gordon II,RB,22.6,19,0,0,0.0,0.181,0.085,1.5,
00-0038134,Kenneth Walker III,RB,25.9,36,1,2,0.056,0.163,0.09,1.5,Ankle
00-0040014,Kyle McCord,QB,24.0,2,0,0,0.0,0.101,0.09,1.5,
00-0038640,Jalen Brooks,WR,26.3,25,1,1,0.04,0.16,0.089,1.5,Knee
00-0040078,Brashard Smith,RB,23.4,19,0,0,0.0,0.181,0.085,1.5,
00-0037801,KaVontae Turpin,WR,30.1,36,1,2,0.056,0.156,0.088,1.5,Foot
00-0038589,Josh Whyle,TE,27.0,28,1,1,0.036,0.182,0.091,1.5,Concussion
00-0041194,Jack Strand,QB,22.2,2,0,0,0.0,0.101,0.09,1.5,
00-0041056,Cade Klubnik,QB,22.9,2,0,0,0.0,0.101,0.09,1.5,
00-0033555,Mack Hollins,WR,33.0,36,1,2,0.056,0.156,0.088,1.5,Abdomen
00-0040194,Jackson Hawes,TE,25.7,19,0,0,0.0,0.188,0.089,1.5,
00-0041092,Taylen Green,QB,23.9,2,0,0,0.0,0.101,0.09,1.5,
00-0035544,Tom Kennedy,WR,30.1,13,0,0,0.0,0.156,0.089,1.5,
00-0040128,Tyler Warren,TE,24.3,19,0,0,0.0,0.188,0.089,1.5,
00-0040891,Cole Payton,QB,23.8,2,0,0,0.0,0.101,0.09,1.5,
00-0041562,Fernando Mendoza,QB,22.9,2,0,0,0.0,0.101,0.09,1.5,
00-0038389,Israel Abanikanda,RB,23.9,18,0,0,0.0,0.181,0.088,1.5,
00-0041565,Drew Allar,QB,22.5,2,0,0,0.0,0.101,0.09,1.5,
00-0036550,Rashod Bateman,WR,26.8,36,1,2,0.056,0.16,0.089,1.5,Ankle
00-0041117,Athan Kaliakmanis,QB,23.0,2,0,0,0.0,0.101,0.09,1.5,
00-0039165,Zach Charbonnet,RB,25.6,36,1,2,0.056,0.163,0.09,1.5,
00-0036912,DeVonta Smith,WR,27.8,36,2,2,0.056,0.16,0.089,1.5,Hamstring
00-0040142,Kaleb Johnson,RB,23.0,19,0,0,0.0,0.181,0.085,1.5,
00-0032951,Laquon Treadwell,WR,31.2,14,0,0,0.0,0.156,0.086,1.5,
00-0038564,Cameron Latu,TE,26.5,18,0,0,0.0,0.182,0.088,1.5,
00-0041251,Jalon Daniels,QB,23.8,2,0,0,0.0,0.101,0.09,1.5,
00-0036410,Tee Higgins,WR,27.6,36,2,2,0.056,0.16,0.089,1.5,Concussion
00-0040177,Jordan James,RB,22.4,19,0,0,0.0,0.181,0.085,1.5,
00-0041568,Ty Simpson,QB,23.7,2,0,0,0.0,0.101,0.09,1.5,
00-0040129,Emeka Egbuka,WR,23.9,19,0,0,0.0,0.172,0.081,1.4,
00-0040218,Jimmy Horn Jr.,WR,24.0,18,0,0,0.0,0.172,0.084,1.4,
00-0040590,Konata Mumpfield,WR,23.9,19,0,0,0.0,0.172,0.081,1.4,
00-0031235,Odell Beckham Jr.,WR,33.8,15,0,0,0.0,0.156,0.083,1.4,
00-0039751,Jordan Whittington,WR,25.9,36,1,1,0.028,0.194,0.081,1.4,Shoulder
00-0040138,Jaylin Noel,WR,24.0,19,0,0,0.0,0.172,0.081,1.4,
00-0037231,Kevin Austin Jr.,WR,26.4,17,0,0,0.0,0.16,0.08,1.4,
00-0038117,Wan'Dale Robinson,WR,25.7,36,1,1,0.028,0.194,0.081,1.4,Rib
00-0040131,Kyle Williams,WR,23.8,19,0,0,0.0,0.172,0.081,1.4,
00-0033873,Patrick Mahomes,QB,31.0,36,1,3,0.083,0.086,0.084,1.4,Knee
00-0037292,Andrew Ogletree,TE,28.1,36,1,2,0.056,0.14,0.083,1.4,Neck
00-0036628,John Bates,TE,28.8,36,1,2,0.056,0.14,0.083,1.4,Calf
00-0039163,C.J. Stroud,QB,24.9,36,1,3,0.083,0.088,0.085,1.4,Concussion
00-0041172,Miller Moss,QB,24.5,1,0,0,0.0,0.088,0.083,1.4,
00-0038643,Brayden Willis,TE,26.8,20,0,0,0.0,0.182,0.084,1.4,
00-0040154,Tai Felton,WR,23.5,19,0,0,0.0,0.172,0.081,1.4,
00-0040124,Tetairoa McMillan,WR,23.4,19,0,0,0.0,0.172,0.081,1.4,
00-0034796,Lamar Jackson,QB,29.6,36,1,3,0.083,0.087,0.085,1.4,Hamstring
00-0040667,Matthew Golden,WR,23.1,19,0,0,0.0,0.172,0.081,1.4,
00-0040729,Jack Bech,WR,23.7,19,0,0,0.0,0.172,0.081,1.4,
00-0035229,T.J. Hockenson,TE,29.2,36,1,2,0.056,0.14,0.083,1.4,Shoulder
00-0039792,Devontez Walker,WR,25.2,36,1,1,0.028,0.194,0.081,1.4,Oblique
00-0037744,Trey McBride,TE,26.8,36,1,1,0.028,0.182,0.077,1.3,Concussion
00-0036290,Cole Kmet,TE,27.5,36,1,1,0.028,0.182,0.077,1.3,Back
00-0035662,Marquise Brown,WR,29.2,36,1,1,0.028,0.171,0.074,1.3,Not injury related - personal matter
00-0038489,Ben VanSumeren,RB,26.3,19,0,0,0.0,0.159,0.075,1.3,Knee
00-0037112,Jake Tonges,TE,27.2,36,1,1,0.028,0.182,0.077,1.3,
00-0037091,Bo Melton,WR,27.3,19,0,0,0.0,0.16,0.076,1.3,Shoulder
00-0040730,RJ Harvey,RB,25.6,19,0,0,0.0,0.163,0.077,1.3,
00-0040906,Garrett Nussmeier,QB,24.6,2,0,0,0.0,0.088,0.079,1.3,
00-0036309,Darnell Mooney,WR,28.8,36,1,1,0.028,0.171,0.074,1.3,Hamstring
00-0040583,Woody Marks,RB,25.7,19,0,0,0.0,0.163,0.077,1.3,
00-0041149,Haynes King,QB,25.6,2,0,0,0.0,0.088,0.079,1.3,
00-0039874,Jaylen Wright,RB,23.4,36,1,1,0.028,0.181,0.077,1.3,Knee
00-0040236,Kyle Monangai,RB,24.2,19,0,0,0.0,0.163,0.077,1.3,
00-0040242,Jacory Croskey-Merritt,RB,25.4,19,0,0,0.0,0.163,0.077,1.3,
00-0041561,Carson Beck,QB,24.8,2,0,0,0.0,0.088,0.079,1.3,
00-0037755,Jelani Woods,TE,27.9,36,1,1,0.028,0.182,0.077,1.3,Hamstring
00-0038558,Darnell Washington,TE,25.0,36,1,1,0.028,0.188,0.079,1.3,
00-0040466,Raheim Sanders,RB,24.2,19,0,0,0.0,0.163,0.077,1.3,
00-0039912,Ben Sinnott,TE,24.2,36,1,1,0.028,0.188,0.079,1.3,Ankle
00-0038129,Cade Otton,TE,27.4,36,1,1,0.028,0.182,0.077,1.3,Knee
00-0036252,Michael Pittman,WR,28.9,36,1,1,0.028,0.171,0.074,1.3,Back
00-0036637,Noah Gray,TE,27.3,36,1,1,0.028,0.182,0.077,1.3,Concussion
00-0037809,Chig Okonkwo,TE,27.0,36,1,1,0.028,0.182,0.077,1.3,Hamstring
00-0041123,Behren Morton,QB,24.6,2,0,0,0.0,0.088,0.079,1.3,
00-0040981,Joe Fagnano,QB,25.4,2,0,0,0.0,0.088,0.079,1.3,
00-0032104,Ameer Abdullah,RB,33.2,32,1,1,0.031,0.169,0.079,1.3,Foot
00-0039050,Payne Durham,TE,26.2,36,1,1,0.028,0.182,0.077,1.3,Calf
00-0037261,Khalil Shakir,WR,26.6,36,1,1,0.028,0.16,0.07,1.2,Ankle
00-0038555,Tank Bigsby,RB,24.0,36,1,1,0.028,0.163,0.071,1.2,Ankle
00-0036997,Javonte Williams,RB,26.4,36,1,1,0.028,0.159,0.07,1.2,Shoulder
00-0038794,Jaleel McLaughlin,RB,26.0,35,1,1,0.029,0.163,0.073,1.2,Quadricep
00-0036275,D'Andre Swift,RB,27.6,36,1,1,0.028,0.159,0.07,1.2,Groin
00-0033526,Samaje Perine,RB,31.0,36,1,1,0.028,0.169,0.073,1.2,Ankle
00-0038840,Brycen Tremayne,WR,26.8,21,0,0,0.0,0.16,0.072,1.2,
00-0034959,Andrew Beck,RB,30.3,23,0,0,0.0,0.169,0.072,1.2,
00-0032398,Chris Moore,WR,33.2,21,0,0,0.0,0.156,0.07,1.2,
00-0039384,Tyrone Tracy Jr.,RB,26.8,36,1,1,0.028,0.159,0.07,1.2,Shoulder
00-0036626,Dyami Brown,WR,26.8,36,1,1,0.028,0.16,0.07,1.2,Hamstring
00-0036900,Ja'Marr Chase,WR,26.5,36,1,1,0.028,0.16,0.07,1.2,
00-0039798,Isaiah Davis,RB,24.5,36,1,1,0.028,0.163,0.071,1.2,Concussion
00-0037746,Brian Robinson,RB,27.4,36,1,1,0.028,0.159,0.07,1.2,Hamstring
00-0037614,John Metchie III,WR,26.1,36,1,1,0.028,0.16,0.07,1.2,Shoulder
00-0038120,Breece Hall,RB,25.3,36,1,1,0.028,0.163,0.071,1.2,Knee
00-0030279,Keenan Allen,WR,34.3,36,1,1,0.028,0.156,0.069,1.2,Heel
00-0039064,Zay Flowers,WR,26.0,36,0,0,0.0,0.194,0.062,1.1,
00-0036389,Jalen Hurts,QB,28.1,36,1,2,0.056,0.087,0.066,1.1,Concussion
00-0038563,Tre Tucker,WR,25.5,36,0,0,0.0,0.194,0.062,1.1,
00-0038710,Blake Whiteheart,TE,26.4,30,0,0,0.0,0.182,0.066,1.1,
00-0038544,Quentin Johnston,WR,25.0,36,0,0,0.0,0.194,0.062,1.1,
00-0035406,Lil'Jordan Humphrey,WR,28.4,28,0,0,0.0,0.171,0.064,1.1,
00-0038621,DeMario Douglas,WR,25.7,36,0,0,0.0,0.194,0.062,1.1,
00-0036825,Feleipe Franks,TE,28.7,36,1,1,0.028,0.14,0.064,1.1,Concussion
00-0039920,Malachi Corley,WR,24.4,32,0,0,0.0,0.194,0.067,1.1,
00-0036187,Reggie Gilliam,RB,29.0,36,1,1,0.028,0.144,0.065,1.1,Hip
00-0038543,Jaxon Smith-Njigba,WR,24.5,36,0,0,0.0,0.194,0.062,1.1,
00-0030565,Geno Smith,QB,35.9,36,2,2,0.056,0.086,0.065,1.1,Shoulder
00-0028118,Tyrod Taylor,QB,37.1,36,2,2,0.056,0.086,0.065,1.1,Knee
00-0036429,Charlie Woerner,TE,28.9,36,1,1,0.028,0.14,0.064,1.1,Concussion
00-0038606,Parker Washington,WR,24.4,36,0,0,0.0,0.194,0.062,1.1,
00-0037252,Greg Dulcich,TE,26.4,30,0,0,0.0,0.182,0.066,1.1,
00-0039915,Ladd McConkey,WR,24.8,36,0,0,0.0,0.194,0.062,1.1,
00-0037745,Velus Jones Jr.,RB,29.3,20,0,0,0.0,0.144,0.066,1.1,
00-0037805,Jeremy Ruckert,TE,26.1,36,0,0,0.0,0.182,0.058,1.0,
00-0040398,Brady Cook,QB,24.9,9,0,0,0.0,0.088,0.057,1.0,
00-0038359,Xavier Smith,WR,28.9,34,0,0,0.0,0.171,0.057,1.0,
00-0038115,Daniel Bellinger,TE,25.9,36,0,0,0.0,0.188,0.06,1.0,
00-0037557,Ronnie Rivers,RB,27.6,30,0,0,0.0,0.159,0.057,1.0,
00-0036894,Pat Freiermuth,TE,27.9,36,0,0,0.0,0.182,0.058,1.0,
00-0036980,Elijah Moore,WR,26.4,30,0,0,0.0,0.16,0.058,1.0,
00-0038611,Chris Rodriguez Jr.,RB,26.9,29,0,0,0.0,0.159,0.059,1.0,
00-0038824,Ryan Miller,WR,26.5,30,0,0,0.0,0.16,0.058,1.0,
00-0036970,Kyle Pitts,TE,25.9,36,0,0,0.0,0.188,0.06,1.0,
00-0036244,Colby Parkinson,TE,27.6,36,0,0,0.0,0.182,0.058,1.0,
00-0039530,Brevyn Spann-Ford,TE,26.7,36,0,0,0.0,0.182,0.058,1.0,
00-0039648,David Martin-Robinson,TE,26.7,36,0,0,0.0,0.182,0.058,1.0,
00-0034270,Tyler Conklin,TE,31.1,36,1,1,0.028,0.124,0.059,1.0,Not injury related - personal matter
00-0036425,DeeJay Dallas,RB,28.0,27,0,0,0.0,0.159,0.061,1.0,
00-0039041,Elijah Higgins,TE,25.8,36,0,0,0.0,0.188,0.06,1.0,
00-0038547,Luke Schoonmaker,TE,27.9,36,0,0,0.0,0.182,0.058,1.0,
00-0039793,AJ Barner,TE,24.3,36,0,0,0.0,0.188,0.06,1.0,
00-0032392,Austin Hooper,TE,31.8,36,1,1,0.028,0.124,0.059,1.0,Concussion
00-0037666,Jalen Tolbert,WR,27.5,36,0,0,0.0,0.16,0.051,0.9,
00-0036613,Jaylen Waddle,WR,27.8,36,0,0,0.0,0.16,0.051,0.9,
00-0039391,Kimani Vidal,RB,25.0,33,0,0,0.0,0.163,0.056,0.9,
00-0039875,Ray Davis,RB,26.8,36,0,0,0.0,0.159,0.051,0.9,
00-0034348,Courtland Sutton,WR,30.9,36,0,0,0.0,0.156,0.05,0.9,
00-0037248,James Cook,RB,26.9,36,0,0,0.0,0.159,0.051,0.9,
00-0038797,Emanuel Wilson,RB,27.3,36,0,0,0.0,0.159,0.051,0.9,
00-0039139,Jahmyr Gibbs,RB,24.5,36,0,0,0.0,0.163,0.052,0.9,
00-0039738,Blake Corum,RB,25.8,36,0,0,0.0,0.163,0.052,0.9,
00-0037263,Tyler Allgeier,RB,26.4,36,0,0,0.0,0.159,0.051,0.9,
00-0035125,Alec Ingold,RB,30.1,36,0,0,0.0,0.169,0.054,0.9,
00-0038618,Xavier Hutchinson,WR,26.3,36,0,0,0.0,0.16,0.051,0.9,
00-0038542,Bijan Robinson,RB,24.6,36,0,0,0.0,0.163,0.052,0.9,
00-0037741,Jahan Dotson,WR,26.4,36,0,0,0.0,0.16,0.051,0.9,
00-0034960,Jakobi Meyers,WR,29.8,36,0,0,0.0,0.171,0.055,0.9,
00-0029892,Kyle Juszczyk,RB,35.4,36,0,0,0.0,0.169,0.054,0.9,
00-0039890,Adonai Mitchell,WR,23.9,37,0,0,0.0,0.172,0.054,0.9,
00-0037840,Kyren Williams,RB,26.0,36,0,0,0.0,0.159,0.051,0.9,
00-0035208,Olamide Zaccheaus,WR,29.1,36,0,0,0.0,0.171,0.055,0.9,
00-0037291,Jalen Nailor,WR,27.5,36,0,0,0.0,0.16,0.051,0.9,
00-0039410,Ryan Flournoy,WR,26.8,36,0,0,0.0,0.16,0.051,0.9,
00-0038738,Hunter Luepke,RB,26.5,36,0,0,0.0,0.159,0.051,0.9,
00-0036630,Tylan Wallace,WR,27.3,36,0,0,0.0,0.16,0.051,0.9,
00-0036963,Amon-Ra St. Brown,WR,26.9,36,0,0,0.0,0.16,0.051,0.9,
00-0036919,Kenny Gainwell,RB,27.5,36,0,0,0.0,0.159,0.051,0.9,
00-0034827,DJ Moore,WR,29.4,36,0,0,0.0,0.171,0.055,0.9,
00-0037256,Rachaad White,RB,27.6,36,0,0,0.0,0.159,0.051,0.9,
00-0037594,Julius Chestnut,RB,25.8,36,0,0,0.0,0.163,0.052,0.9,
00-0032764,Derrick Henry,RB,32.7,36,0,0,0.0,0.169,0.054,0.9,
00-0039407,Dylan Laube,RB,26.7,36,0,0,0.0,0.159,0.051,0.9,
00-0038619,Andrei Iosivas,WR,26.9,36,0,0,0.0,0.16,0.051,0.9,
00-0039868,Troy Franklin,WR,23.6,36,0,0,0.0,0.172,0.055,0.9,
00-0038454,Keaton Mitchell,RB,24.6,36,0,0,0.0,0.163,0.052,0.9,
00-0038951,Sean Tucker,RB,24.9,36,0,0,0.0,0.163,0.052,0.9,
00-0036407,Jerry Jeudy,WR,27.4,36,0,0,0.0,0.16,0.051,0.9,
00-0033307,Kendrick Bourne,WR,31.1,35,0,0,0.0,0.156,0.051,0.9,
00-0036973,Travis Etienne,RB,27.6,36,0,0,0.0,0.159,0.051,0.9,
00-0038597,Chase Brown,RB,26.4,36,0,0,0.0,0.159,0.051,0.9,
00-0033757,Robert Tonyan,TE,32.3,24,0,0,0.0,0.124,0.051,0.9,
00-0039894,Xavier Worthy,WR,23.3,36,0,0,0.0,0.172,0.055,0.9,
00-0036322,Justin Jefferson,WR,27.2,36,0,0,0.0,0.16,0.051,0.9,
00-0038685,Chris Brooks,RB,26.6,34,0,0,0.0,0.159,0.053,0.9,
00-0039040,De'Von Achane,RB,24.9,36,0,0,0.0,0.163,0.052,0.9,
00-0037304,Connor Heyward,RB,27.6,36,0,0,0.0,0.159,0.051,0.9,
00-0038559,Michael Wilson,WR,26.5,36,0,0,0.0,0.16,0.051,0.9,
00-0035689,Dawson Knox,TE,29.8,36,0,0,0.0,0.14,0.045,0.8,
00-0036727,Adam Prentice,RB,29.6,35,0,0,0.0,0.144,0.047,0.8,
00-0040234,Quinn Ewers,QB,23.5,19,0,0,0.0,0.101,0.047,0.8,
00-0036265,AJ Dillon,RB,28.3,36,0,0,0.0,0.144,0.046,0.8,
00-0036139,Rico Dowdle,RB,28.2,36,0,0,0.0,0.144,0.046,0.8,
00-0034844,Saquon Barkley,RB,29.6,36,0,0,0.0,0.144,0.046,0.8,
00-0035250,Devin Singletary,RB,29.0,36,0,0,0.0,0.144,0.046,0.8,
00-0036422,Adam Trautman,TE,29.6,36,0,0,0.0,0.14,0.045,0.8,
00-0035261,Tony Pollard,RB,29.3,36,0,0,0.0,0.144,0.046,0.8,
00-0040673,Jalen Milroe,QB,23.7,19,0,0,0.0,0.101,0.047,0.8,
00-0036040,Juwan Johnson,TE,30.0,36,0,0,0.0,0.14,0.045,0.8,
00-0036887,Luke Farrell,TE,28.9,36,0,0,0.0,0.14,0.045,0.8,
00-0036876,Kylen Granson,TE,28.4,36,0,0,0.0,0.14,0.045,0.8,
00-0034869,Sam Darnold,QB,29.2,36,1,1,0.028,0.087,0.047,0.8,Glute
00-0035537,Ty Johnson,RB,29.0,36,0,0,0.0,0.144,0.046,0.8,
00-0038400,Tanner McKee,QB,26.3,36,1,1,0.028,0.096,0.05,0.8,Thumb
00-0040206,Riley Leonard,QB,24.0,19,0,0,0.0,0.101,0.047,0.8,
00-0040743,Tyler Shough,QB,26.9,19,0,0,0.0,0.096,0.045,0.8,
00-0036264,Jordan Love,QB,27.8,36,1,1,0.028,0.096,0.05,0.8,Shoulder
00-0034753,Mark Andrews,TE,31.0,36,0,0,0.0,0.124,0.04,0.7,
00-0031484,Chris Manhertz,TE,34.4,36,0,0,0.0,0.124,0.04,0.7,
00-0034798,Durham Smythe,TE,31.1,36,0,0,0.0,0.124,0.04,0.7,
00-0040668,Shedeur Sanders,QB,24.6,19,0,0,0.0,0.088,0.041,0.7,
00-0030506,Travis Kelce,TE,36.9,36,0,0,0.0,0.124,0.04,0.7,
00-0034383,Dalton Schultz,TE,30.1,36,0,0,0.0,0.124,0.04,0.7,
00-0035631,Drew Sample,TE,30.4,36,0,0,0.0,0.124,0.04,0.7,
00-0033090,Hunter Henry,TE,31.7,36,0,0,0.0,0.124,0.04,0.7,
00-0040676,Cam Ward,QB,24.3,19,0,0,0.0,0.088,0.041,0.7,
00-0033246,Johnny Mundt,TE,31.8,36,0,0,0.0,0.124,0.04,0.7,
00-0033858,Jonnu Smith,TE,31.0,36,0,0,0.0,0.124,0.04,0.7,
00-0033217,Mo Alie-Cox,TE,33.0,36,0,0,0.0,0.124,0.04,0.7,
00-0036879,Sam Ehlinger,QB,27.9,28,0,0,0.0,0.096,0.036,0.6,
00-0036972,Mac Jones,QB,28.0,36,0,0,0.0,0.096,0.031,0.5,
00-0033319,Nick Mullens,QB,31.4,35,0,0,0.0,0.086,0.028,0.5,
00-0037013,Zach Wilson,QB,27.1,36,0,0,0.0,0.096,0.031,0.5,
00-0026498,Matthew Stafford,QB,38.6,36,0,0,0.0,0.086,0.028,0.5,
00-0031503,Jameis Winston,QB,32.7,36,0,0,0.0,0.086,0.028,0.5,
00-0026158,Joe Flacco,QB,41.6,36,0,0,0.0,0.086,0.028,0.5,
00-0037077,Sam Howell,QB,26.0,36,0,0,0.0,0.088,0.028,0.5,
00-0029604,Kirk Cousins,QB,38.0,36,0,0,0.0,0.086,0.028,0.5,
00-0035704,Drew Lock,QB,29.8,36,0,0,0.0,0.087,0.028,0.5,
00-0039376,Spencer Rattler,QB,25.9,36,0,0,0.0,0.088,0.028,0.5,
00-0038476,Tommy DeVito,QB,28.1,36,0,0,0.0,0.087,0.028,0.5,
00-0039150,Bryce Young,QB,25.1,36,0,0,0.0,0.088,0.028,0.5,
00-0038416,Tyson Bagent,QB,26.2,36,0,0,0.0,0.096,0.031,0.5,
00-0037012,Trey Lance,QB,26.3,36,0,0,0.0,0.096,0.031,0.5,
00-0038128,Malik Willis,QB,27.3,36,0,0,0.0,0.096,0.031,0.5,
00-0036898,Davis Mills,QB,27.9,36,0,0,0.0,0.096,0.031,0.5,
00-0034577,Kyle Allen,QB,30.5,36,0,0,0.0,0.086,0.028,0.5,
00-0036355,Justin Herbert,QB,28.5,36,0,0,0.0,0.087,0.028,0.5,
00-0035264,Jarrett Stidham,QB,30.1,36,0,0,0.0,0.086,0.028,0.5,
00-0033949,Joshua Dobbs,QB,31.6,36,0,0,0.0,0.086,0.028,0.5,
00-0033662,Cooper Rush,QB,32.8,36,0,0,0.0,0.086,0.028,0.5,
00-0034855,Baker Mayfield,QB,31.4,36,0,0,0.0,0.086,0.028,0.5,
00-0034857,Josh Allen,QB,30.3,36,0,0,0.0,0.086,0.028,0.5,
00-0033106,Jared Goff,QB,31.9,36,0,0,0.0,0.086,0.028,0.5,
00-0027973,Andy Dalton,QB,38.8,36,0,0,0.0,0.086,0.028,0.5,
00-0038102,Kenny Pickett,QB,28.2,36,0,0,0.0,0.087,0.028,0.5,
00-0039851,Drake Maye,QB,24.0,36,0,0,0.0,0.088,0.028,0.5,
00-0033869,Mitchell Trubisky,QB,32.0,36,0,0,0.0,0.086,0.028,0.5,
00-0023459,Aaron Rodgers,QB,42.7,36,0,0,0.0,0.086,0.028,0.5,
00-0039107,Stetson Bennett,QB,28.8,36,0,0,0.0,0.087,0.028,0.5,
00-0033119,Jacoby Brissett,QB,33.7,36,0,0,0.0,0.086,0.028,0.5,
00-0034771,Mason Rudolph,QB,31.1,36,0,0,0.0,0.086,0.028,0.5,
00-0039918,Caleb Williams,QB,24.8,36,0,0,0.0,0.088,0.028,0.5,
00-0039732,Bo Nix,QB,26.5,36,0,0,0.0,0.096,0.031,0.5,
